{"gradientHistory": [4537.90283203125, 6902.64111328125, 4297.20654296875, 7322.66796875, 4100.38037109375, 1534.9454345703125, 922.3687133789062, 649.4205322265625, 926.6130981445312, 611.5932006835938], "objectiveLossHistory": [20613.970427571003, 17407.20545660585, 12663.927914490743, 11898.486490839123, 9998.459804721753, 8299.910028189955, 8092.372785976562, 7985.49768147539, 7900.334689963295, 7811.207850725025]}