{"gradientHistory": [6301.71826171875, 8730.4423828125, 13630.5458984375, 5532.71826171875, 7893.4619140625, 4020.241943359375, 813.7383422851562, 1135.186767578125, 593.0757446289062, 873.8403930664062], "objectiveLossHistory": [36195.04727604422, 30577.906515888277, 20560.1574794901, 14380.020115126146, 12226.074719557568, 10258.148495335234, 8216.16542326398, 8160.165484374785, 8025.4467927658825, 7982.560421818405]}