{"gradientHistory": [113647.59375, 14140.095703125, 7523.2294921875, 7901.28076171875, 11673.0595703125, 8850.0126953125, 5612.86328125, 3568.4794921875, 5520.52294921875, 3247.020751953125], "objectiveLossHistory": [1151481.9803264944, 113283.61439717512, 92215.00056191122, 74066.67977751192, 33026.45242184551, 28313.618808733863, 25243.780186579923, 23690.763167491903, 23030.805803217343, 21523.58513419215]}