{"gradientHistory": [1385.94482421875, 737.1044921875, 532.151611328125, 451.0325012207031, 392.9035339355469, 341.18060302734375, 296.4034423828125, 261.7714538574219, 238.30799865722656, 224.83645629882812], "objectiveLossHistory": [7901.0866132168585, 6754.456221064418, 6367.771533284032, 6128.913516454382, 5945.664450727329, 5803.91494262129, 5696.261062770489, 5614.192175224534, 5549.180253989511, 5494.305571499629]}