{"gradientHistory": [1417.7666015625, 766.9512939453125, 568.3892822265625, 463.0307312011719, 383.9308166503906, 324.2313232421875, 278.8740539550781, 246.24769592285156, 223.63348388671875, 208.54220581054688], "objectiveLossHistory": [7773.767529609342, 6786.088981625467, 6439.894716448183, 6215.568152319143, 6048.874569979993, 5926.04728586946, 5834.213015584153, 5763.752215159721, 5707.210925756414, 5659.5240491115255]}