{"gradientHistory": [96498.21875, 17558.779296875, 16332.6318359375, 5365.89892578125, 5204.30859375, 5976.46630859375, 8042.56005859375, 3703.563232421875, 10774.42578125, 4840.0849609375], "objectiveLossHistory": [880739.9975638946, 74246.278800406, 65014.76644981725, 53381.140976902134, 49839.23250632967, 48334.02006873909, 47088.90810657268, 43831.28115742702, 43599.63978485497, 38607.52245657486]}