{"objectiveLossFHistory": [13321.7802734375, 12038.005859375, 11674.6103515625, 11666.912667737357, 10776.3125, 12314.433844217301, 11093.171875, 10902.876953125, 10667.841796875, 10670.38671875], "objectiveLossGHistory": [16094.917712331564, 16077.156820721935, 14438.173828125, 12694.75830421091, 10998.9853515625, 10742.4814453125, 10550.8505859375, 10600.8310546875, 12050.439453125, 12054.44921875], "primalResidualHistory": [1.3760110139846802, 2.0720391273498535, 2.742450475692749, 2.9786059856414795, 3.004040002822876, 2.9740781784057617, 3.1747055053710938, 3.204216957092285, 3.5611469745635986, 3.5611469745635986], "dualResidualHistory": [10.04355239868164, 13.357416152954102, 14.214288711547852, 3.670879364013672, 1.7212136071975692e-06, 1.3243728876113892, 2.1498303413391113, 5.7985334396362305, 15.389128684997559, 1.5915761650830973e-06], "dualVariableHistory": [0.19256691692017883, 0.4207465278164101, 0.6404754725115196, 0.9192701724794726, 1.2067617341136174, 1.4933774306305174, 1.760434711751411, 2.0027318060715134, 2.1783240626360074, 2.3552160066102172]}