{"objectiveLossFHistory": [122541.703125, 54383.703125, 22135.95703125, 15831.6845703125, 14333.3134765625, 15213.1748046875, 15368.921875, 15381.6044921875, 15395.4794921875, 15410.541015625], "objectiveLossGHistory": [183755.4375, 72463.2421875, 30975.07421875, 24631.53125, 18473.849609375, 17735.677734375, 17747.171875, 17759.853515625, 17773.728515625, 17788.787109375], "primalResidualHistory": [7.664988994598389, 7.405445575714111, 8.263501167297363, 8.691235542297363, 9.0393705368042, 9.054055213928223, 8.880145072937012, 8.880145072937012, 8.880145072937012, 8.880144119262695], "dualResidualHistory": [51.968563079833984, 35.985836029052734, 12.113825798034668, 11.151921272277832, 5.25288200378418, 4.649559497833252, 4.075419838045491e-06, 4.399284989631269e-06, 5.688966211891966e-06, 4.612140855897451e-06], "dualVariableHistory": [3.0721804705245184, 3.675083417241835, 4.047788090739338, 4.353469962025993, 4.466817887885777, 4.612818081388492, 4.855587520812777, 5.110115083186893, 5.374730635937716, 5.648016447843569]}